"state","Poverty_Level_Estimate","MedianHHinc","Total_Population","Percent_Male","Percent_White","Percent_Black","Percent_high_school","Percent_Bachelor","Area_sqmi","Percent_republican","open","agree","extra","sci","stabil","pop_dens"
"AL",0.169,"48123",4874747,0.484,0.68,0.268,0.865,0.255,5953.885,0.620316431668648,3.609293,3.8385077,3.3278987,3.6210299,3.114707,818.75061409483
"AK",0.111,"73181",739795,0.521,0.642,0.03,0.917,0.288,29218.745,0.528331432703808,NA,NA,NA,NA,NA,25.3191914984713
"AZ",0.149,"56581",7016270,0.497,0.776,0.044,0.872,0.294,8765.012,0.490559810304647,3.6842048,3.7720623,3.3179662,3.5858483,3.1384914,800.486068929512
"AR",0.164,"45869",3004279,0.493,0.763,0.153,0.867,0.234,2729.916,0.623957298561443,3.6118257,3.7852242,3.30846,3.5825896,3.0797999,1100.50235977957
"CA",0.133,"71805",39536653,0.497,0.586,0.057,0.833,0.336,14669.143,0.343207236252849,3.7374539,3.7618148,3.282917,3.5481715,3.1241148,2695.22582198565
"CO",0.103,"69117",5607154,0.503,0.842,0.041,0.916,0.412,2975.214,0.416041256349124,3.7111113,3.743722,3.3118501,3.5833623,3.1619561,1884.62208096628
"CT",0.096,"74168",3588184,0.488,0.759,0.106,0.904,0.387,973.611,0.391871182883307,3.6639247,3.7508047,3.3093996,3.5623689,3.0838628,3685.43905112001
"DE",0.136,"62852",961939,0.484,0.688,0.219,0.906,0.315,208.497,0.397748767711055,3.6327605,3.7872097,3.3267097,3.5730793,3.0931525,4613.68269087805
"DC",0.166,"82372",693972,0.474,0.41,0.459,0.902,0.573,61.14,0.0539732137671479,3.8554688,3.7041779,3.3540587,3.6076629,3.1500463,11350.5397448479
"FL",0.14,"52594",20984400,0.489,0.751,0.162,0.884,0.297,8891.984,0.51219819622504,3.7099187,3.7927547,3.3305266,3.6164093,3.1523094,2359.92327471574
"GA",0.149,"56183",10429379,0.486,0.587,0.316,0.87,0.309,5596.599,0.492374738997912,3.673306,3.8414848,3.3327298,3.6605525,3.1635616,1863.52086329573
"HI",0.095,"77765",1427538,0.502,0.25,0.016,0.923,0.329,1134.771,0.339547141694148,NA,NA,NA,NA,NA,1257.996547321
"ID",0.128,"52225",1716943,0.502,0.9,0.007,0.908,0.268,837.753,0.638375648319036,3.6197977,3.765409,3.300673,3.5788794,3.1187794,2049.4620729499
"IL",0.126,"62992",12802023,0.492,0.712,0.142,0.891,0.344,4643.208,0.405534508181737,3.6616318,3.783354,3.3497999,3.575707,3.1016679,2757.15044426181
"IN",0.135,"54181",6666818,0.493,0.837,0.094,0.886,0.268,2855.124,0.570211577657051,3.608284,3.7836363,3.3099508,3.589411,3.0744984,2335.03623660479
"IA",0.107,"58570",3145711,0.497,0.9,0.034,0.921,0.289,2214.018,0.528001976319458,3.5554774,3.7825418,3.3383229,3.5601578,3.0766189,1420.81545859157
"KS",0.119,"56422",2913123,0.499,0.845,0.057,0.91,0.337,2426.057,0.562125128342647,3.6284609,3.7673919,3.2892551,3.5856276,3.0975485,1200.7644502994
"KY",0.172,"48375",4454189,0.493,0.869,0.081,0.863,0.24,2167.652,0.620865718692904,3.5821962,3.7931714,3.3187575,3.5973771,3.0606678,2054.84505815509
"LA",0.197,"46145",4684333,0.489,0.617,0.325,0.851,0.238,2780.155,0.584608824140085,3.6532297,3.8089252,3.3063421,3.6106505,3.0829141,1684.91792723787
"ME",0.111,"56277",1335907,0.49,0.944,0.012,0.923,0.321,1269.064,0.435512281104183,3.6621847,3.7399163,3.2593939,3.5358109,3.0355597,1052.67110248183
"MD",0.093,"80776",6052177,0.485,0.549,0.299,0.899,0.397,2196.957,0.321502915677488,3.6884129,3.7735734,3.2941906,3.5875092,3.1190901,2754.79993463686
"MA",0.105,"77385",6859819,0.486,0.785,0.078,0.908,0.434,1831.201,0.31908157588631,3.6693652,3.7461739,3.2889907,3.5463874,3.0550325,3746.07648204648
"MI",0.142,"54909",9962311,0.493,0.784,0.138,0.909,0.291,2880.631,0.478372906911376,3.6316345,3.7786214,3.3079555,3.5743957,3.0911977,3458.3780428663
"MN",0.095,"68388",5576606,0.499,0.827,0.065,0.931,0.361,4560.214,0.452849424091694,3.6016386,3.8145609,3.3265145,3.5840733,3.1322219,1222.88252261846
"MS",0.198,"43529",2984100,0.485,0.582,0.38,0.844,0.219,2461.036,0.576029545753825,3.6100712,3.8639109,3.3254836,3.6533225,3.1314244,1212.53813434667
"MO",0.134,"53578",6113532,0.491,0.82,0.114,0.897,0.291,3316.947,0.567996557788895,3.6383374,3.7821784,3.3254328,3.6028185,3.0914683,1843.12019456446
"MT",0.125,"53386",1050493,0.501,0.886,0.004,0.93,0.323,3626.325,0.569184692400203,3.6585085,3.7507489,3.2726841,3.5790026,3.1048748,289.685287446657
"NE",0.108,"59970",1920076,0.5,0.873,0.046,0.913,0.317,803.369,0.582241633320542,3.5999446,3.7759058,3.3374686,3.5893955,3.1387277,2390.02998622053
"NV",0.13,"58003",2998039,0.502,0.646,0.092,0.868,0.249,3497.24,0.476662473245594,3.7074656,3.7226248,3.2760584,3.566349,3.1054521,857.258581052487
"NH",0.077,"73381",1342795,0.496,0.931,0.017,0.931,0.369,686.903,0.453562595046776,3.6097205,3.7510457,3.3095191,3.5511305,3.0565534,1954.85388766682
"NJ",0.1,"80088",9005644,0.488,0.679,0.135,0.899,0.397,1756.628,0.413965238573485,3.6690755,3.7554402,3.3272963,3.5292497,3.0731959,5126.66540667688
"NM",0.197,"46744",2088070,0.495,0.758,0.021,0.861,0.271,2986.77,0.434966692461294,3.7200899,3.7475901,3.2731292,3.5951977,3.1231368,699.106392524366
"NY",0.141,"64894",19849399,0.486,0.631,0.158,0.866,0.36,3979.36,0.374612938400909,3.7272658,3.7196312,3.2935286,3.5394249,3.0446212,4988.08828555346
"NC",0.147,"52752",10273419,0.487,0.688,0.215,0.878,0.313,4860.908,0.499343324882955,3.6455731,3.8202345,3.3259897,3.6396475,3.1283753,2113.47735855112
"ND",0.103,"61843",755393,0.514,0.866,0.031,0.929,0.307,748.204,0.651140487370757,3.5319409,3.8096218,3.3161364,3.6010394,3.1522429,1009.60834210991
"OH",0.14,"54021",11658609,0.49,0.813,0.124,0.903,0.28,4394.253,0.532713001008746,3.6303163,3.7746508,3.3222911,3.5764039,3.075228,2653.14923833471
"OK",0.158,"50051",3930864,0.496,0.722,0.073,0.881,0.255,4988.089,0.65373271848063,3.6260238,3.7664604,3.2802217,3.5869119,3.0697815,788.050092931381
"OR",0.132,"60212",4142776,0.496,0.844,0.019,0.91,0.337,1558.06,0.403672460463434,3.700774,3.762676,3.2488468,3.5712504,3.1095474,2658.93226191546
"PA",0.125,"59195",12805537,0.49,0.807,0.112,0.906,0.314,3330.288,0.488436120401725,3.6389451,3.7662218,3.3268337,3.5653813,3.0631297,3845.17405101301
"RI",0.116,"63870",1059639,0.484,0.818,0.063,0.883,0.335,215.152,0.386703804715758,3.7025795,3.7418213,3.2747099,3.5498362,3.0626409,4925.07157730349
"SC",0.154,"50570",5024369,0.485,0.673,0.27,0.874,0.28,2401.557,0.550934809171965,3.6536758,3.8306592,3.3159268,3.6520538,3.1344142,2092.12981411643
"SD",0.13,"56521",869666,0.504,0.847,0.02,0.917,0.281,876.282,0.617693896722502,3.5861459,3.7913544,3.3283131,3.5913897,3.1294429,992.449919089973
"TN",0.15,"51340",6715984,0.487,0.777,0.167,0.878,0.273,4572.288,0.606602941662838,3.663044,3.845597,3.3186414,3.6689048,3.1343267,1468.84535707287
"TX",0.147,"59206",28304596,0.497,0.739,0.121,0.836,0.296,13144.055,0.520576036035526,3.6800926,3.7729268,3.3125403,3.5775597,3.1237838,2153.41430022927
"UT",0.097,"68358",3101833,0.504,0.857,0.012,0.921,0.346,2831.793,0.581298390299196,3.6711407,3.7878604,3.3003047,3.5873854,3.1582384,1095.36007751979
"VT",0.113,"57513",623657,0.494,0.942,0.013,0.926,0.383,260.999,0.303810571262211,3.6765089,3.7591383,3.2767322,3.5548005,3.0654564,2389.49957662673
"VA",0.106,"71535",8470020,0.492,0.675,0.192,0.897,0.387,3907.935,0.439955036672821,3.6822352,3.771749,3.3032196,3.5869727,3.1239781,2167.39019456567
"WA",0.11,"70979",7405743,0.499,0.754,0.037,0.913,0.355,3367.419,0.387669777433433,3.7123263,3.7581089,3.2518373,3.5662622,3.1224289,2199.23419093377
"WV",0.191,"43469",1815857,0.494,0.928,0.04,0.871,0.202,825.562,0.686315519246161,3.6155267,3.7685447,3.2858844,3.5859754,2.9953017,2199.54043427386
"WI",0.113,"59305",5795483,0.497,0.853,0.064,0.924,0.304,3533.224,0.488224373196088,3.5885892,3.7867608,3.3715372,3.5730209,3.1147668,1640.28179362531
"WY",0.113,"60434",579315,0.511,0.912,0.01,0.929,0.276,1245.753,0.694997899484027,3.6421592,3.6877353,3.280236,3.5533125,3.1037312,465.031992698392
"PR",0.444,"19343",3337177,0.477,0.662,0.121,0.761,0.257,410.092,NA,NA,NA,NA,NA,NA,8137.63009275967
